{"F1-Test-without-imbalance": 0.5261780104712042, "Accuracy-Test-without-imbalance": 0.8188188188188188, "F1-Test-with-class-weight": 0.5256124721603563, "Accuracy-Test-with-class-weight": 0.7867867867867868, "F1-Test-with-SMOT": 0.5445783132530121, "Accuracy-Test-with-SMOT": 0.8108108108108109}